t,sin(t),PhaseAtemp,BusVoltage,MotorId,MotorTemp,MotorVelocity,PackTemp,PackSOC,PackBalance,PrechargeCont,MainCont,Estop
0,0,37,142,201,23,473,77,0.588365251,0.663063441,1,1,1
0.1,0.099833417,7.099833417,187.0998334,28.09983342,57.09983342,2958.099833,45.09983342,0.121473763,0.190574464,1,1,0
0.2,0.198669331,7.198669331,143.1986693,7.198669331,55.19866933,2449.198669,43.19866933,0.973639348,0.003836205,1,0,0
0.3,0.295520207,78.29552021,154.2955202,129.2955202,32.29552021,372.2955202,68.29552021,0.557013794,0.262201982,0,1,1
0.4,0.389418342,90.38941834,267.3894183,212.3894183,15.38941834,2166.389418,4.389418342,0.881499401,0.636772747,0,1,0
0.5,0.479425539,67.47942554,290.4794255,256.4794255,52.47942554,3981.479426,60.47942554,0.445698133,0.081909167,0,0,1
0.6,0.564642473,62.56464247,107.5646425,40.56464247,20.56464247,1554.564642,68.56464247,0.289953506,0.554501615,1,1,1
0.7,0.644217687,13.64421769,112.6442177,199.6442177,61.64421769,2499.644218,8.644217687,0.475668003,0.391618301,1,0,1
0.8,0.717356091,56.71735609,199.7173561,151.7173561,55.71735609,29.71735609,6.717356091,0.003413555,0.991754899,0,1,1
0.9,0.78332691,81.78332691,397.7833269,68.78332691,56.78332691,3388.783327,77.78332691,0.567222097,0.156004466,0,1,1
1,0.841470985,0.841470985,298.841471,286.841471,87.84147098,3709.841471,86.84147098,0.540732082,0.884745279,1,1,1
1.1,0.89120736,72.89120736,249.8912074,113.8912074,55.89120736,1532.891207,13.89120736,0.255630083,0.109574425,0,1,1
1.2,0.932039086,48.93203909,304.9320391,62.93203909,49.93203909,441.9320391,46.93203909,0.280733943,0.336500662,1,0,1
1.3,0.963558185,95.96355819,153.9635582,194.9635582,45.96355819,1849.963558,38.96355819,0.19713372,0.429038021,0,1,1
1.4,0.98544973,30.98544973,417.9854497,97.98544973,13.98544973,1866.98545,42.98544973,0.106824227,0.879753958,0,1,0
1.5,0.997494987,72.99749499,200.997495,13.99749499,60.99749499,1828.997495,9.997494987,0.631502483,0.610015389,1,1,1
1.6,0.999573603,37.9995736,353.9995736,41.9995736,0.999573603,586.9995736,51.9995736,0.542063875,0.259644172,1,1,1
1.7,0.99166481,41.99166481,224.9916648,46.99166481,8.99166481,8.99166481,33.99166481,0.313401742,0.583286269,0,1,0
1.8,0.973847631,29.97384763,81.97384763,147.9738476,23.97384763,2778.973848,65.97384763,0.108147703,0.11599921,1,1,1
1.9,0.946300088,6.946300088,438.9463001,113.9463001,46.94630009,642.9463001,23.94630009,0.572528068,0.025336869,1,0,0
2,0.909297427,49.90929743,87.90929743,23.90929743,83.90929743,3132.909297,58.90929743,0.550392247,0.997289469,0,0,1
2.1,0.863209367,36.86320937,413.8632094,33.86320937,67.86320937,3306.863209,84.86320937,0.630935498,0.434087049,0,1,0
2.2,0.808496404,95.8084964,99.8084964,122.8084964,31.8084964,1203.808496,64.8084964,0.613831077,0.84657765,1,1,0
2.3,0.745705212,71.74570521,211.7457052,257.7457052,42.74570521,3758.745705,63.74570521,0.153344461,0.283707659,0,0,1
2.4,0.675463181,2.675463181,183.6754632,124.6754632,52.67546318,364.6754632,97.67546318,0.768883565,0.930996729,0,1,0
2.5,0.598472144,22.59847214,404.5984721,120.5984721,57.59847214,1997.598472,45.59847214,0.593890547,0.311696183,0,1,1
2.6,0.515501372,87.51550137,137.5155014,93.51550137,18.51550137,3566.515501,18.51550137,0.722803881,0.342475433,0,1,1
2.7,0.42737988,54.42737988,444.4273799,128.4273799,77.42737988,3613.42738,46.42737988,0.639845758,0.778294339,0,0,0
2.8,0.33498815,96.33498815,322.3349882,73.33498815,27.33498815,2040.334988,4.33498815,0.863835836,0.819357857,1,0,0
2.9,0.239249329,84.23924933,289.2392493,296.2392493,67.23924933,2372.239249,45.23924933,0.901277936,0.642958668,0,1,0
3,0.141120008,18.14112001,52.14112001,116.14112,90.14112001,1229.14112,4.141120008,0.783278013,0.830835354,1,0,1
3.1,0.041580662,7.041580662,446.0415807,6.041580662,7.041580662,2719.041581,75.04158066,0.303337807,0.030802724,0,1,1
3.2,-0.058374143,26.94162586,250.9416259,118.9416259,81.94162586,3249.941626,45.94162586,0.853972391,0.375610085,0,1,0
3.3,-0.157745694,56.84225431,241.8422543,41.84225431,9.842254306,1207.842254,27.84225431,0.227222149,0.546332189,1,1,1
3.4,-0.255541102,14.7444589,226.7444589,139.7444589,96.7444589,1360.744459,23.7444589,0.95413397,0.634048837,0,0,1
3.5,-0.350783228,64.64921677,34.64921677,176.6492168,46.64921677,576.6492168,99.64921677,0.504203759,0.993324747,0,0,0
3.6,-0.442520443,19.55747956,431.5574796,288.5574796,58.55747956,221.5574796,23.55747956,0.924485285,0.78004469,0,1,1
3.7,-0.529836141,39.47016386,46.47016386,216.4701639,3.470163859,3177.470164,63.47016386,0.330503609,0.160893681,1,0,1
3.8,-0.611857891,0.388142109,169.3881421,182.3881421,25.38814211,384.3881421,58.38814211,0.021531669,0.533370147,1,0,1
3.9,-0.687766159,23.31223384,107.3122338,292.3122338,62.31223384,1791.312234,29.31223384,0.825785025,0.017168084,0,0,1
4,-0.756802495,92.2431975,360.2431975,218.2431975,65.2431975,3227.243198,23.2431975,0.345037623,0.150430759,1,1,0
4.1,-0.818277111,27.18172289,40.18172289,253.1817229,29.18172289,2111.181723,83.18172289,0.597932247,0.923665922,0,0,0
4.2,-0.871575772,21.12842423,176.1284242,17.12842423,55.12842423,3088.128424,42.12842423,0.427458388,0.331755023,1,1,0
4.3,-0.916165937,5.083834063,215.0838341,120.0838341,73.08383406,2891.083834,41.08383406,0.488536953,0.834102691,0,0,1
4.4,-0.951602074,32.04839793,126.0483979,47.04839793,45.04839793,2272.048398,73.04839793,0.69788598,0.871840096,0,1,0
4.5,-0.977530118,66.02246988,425.0224699,210.0224699,20.02246988,947.0224699,28.02246988,0.508474987,0.342845471,1,1,0
4.6,-0.993691004,70.006309,137.006309,88.006309,88.006309,3741.006309,94.006309,0.908744296,0.662985267,1,1,1
4.7,-0.999923258,22.00007674,346.0000767,121.0000767,38.00007674,3240.000077,91.00007674,0.966607172,0.620965451,0,1,1
4.8,-0.996164609,25.00383539,36.00383539,126.0038354,61.00383539,2944.003835,55.00383539,0.705629171,0.708971719,1,1,0
4.9,-0.982452613,95.01754739,109.0175474,195.0175474,19.01754739,3133.017547,98.01754739,0.868370177,0.8615023,1,0,1
5,-0.958924275,9.041075725,190.0410757,128.0410757,94.04107573,2973.041076,91.04107573,0.660148408,0.325010962,0,1,0
5.1,-0.925814682,75.07418532,390.0741853,193.0741853,44.07418532,1303.074185,3.074185318,0.613712979,0.02747992,1,1,1
5.2,-0.883454656,67.11654534,150.1165453,170.1165453,98.11654534,2253.116545,61.11654534,0.569626992,0.290850637,0,1,1
5.3,-0.832267442,85.16773256,240.1677326,41.16773256,67.16773256,1805.167733,5.167732558,0.734438729,0.166613652,1,1,0
5.4,-0.772764488,29.22723551,390.2272355,29.22723551,57.22723551,1695.227236,75.22723551,0.840656534,0.701535691,1,1,0
5.5,-0.705540326,17.29445967,95.29445967,259.2944597,19.29445967,3198.29446,78.29445967,0.850268774,0.819803207,0,1,1
5.6,-0.631266638,21.36873336,120.3687334,268.3687334,7.368733362,1765.368733,71.36873336,0.356748419,0.967455668,0,0,1
5.7,-0.550685543,44.44931446,298.4493145,34.44931446,55.44931446,2267.449314,97.44931446,0.208016116,0.977545022,0,0,0
5.8,-0.464602179,64.53539782,391.5353978,0.535397821,45.53539782,1349.535398,21.53539782,0.730555343,0.873973938,1,1,0
5.9,-0.373876665,0.626123335,246.6261233,115.6261233,87.62612334,2032.626123,63.62612334,0.832257968,0.639212118,0,0,0
6,-0.279415498,34.7205845,150.7205845,144.7205845,83.7205845,3616.720585,58.7205845,0.9967645,0.861671572,1,1,0
6.1,-0.182162504,39.8178375,86.8178375,49.8178375,59.8178375,1210.817837,69.8178375,0.306503238,0.172382178,1,0,0
6.2,-0.083089403,73.9169106,446.9169106,224.9169106,2.916910597,150.9169106,80.9169106,0.260994522,0.271913093,0,0,1
6.3,0.0168139,30.0168139,364.0168139,67.0168139,52.0168139,2359.016814,4.0168139,0.814844452,0.576644626,0,0,0
6.4,0.116549205,32.1165492,208.1165492,279.1165492,22.1165492,1711.116549,1.116549205,0.09592403,0.166629342,1,0,1
6.5,0.215119988,72.21511999,191.21512,290.21512,65.21511999,3079.21512,74.21511999,0.333619136,0.999716618,0,0,0
6.6,0.311541364,37.31154136,398.3115414,70.31154136,35.31154136,2288.311541,27.31154136,0.981110831,0.663556495,1,1,0
6.7,0.404849921,5.404849921,223.4048499,260.4048499,34.40484992,1571.40485,18.40484992,0.182234499,0.377769197,0,1,1
6.8,0.494113351,65.49411335,22.49411335,36.49411335,13.49411335,1513.494113,19.49411335,0.298411278,0.09838924,0,0,0
6.9,0.578439764,11.57843976,266.5784398,167.5784398,20.57843976,3458.57844,22.57843976,0.377002731,0.858819528,1,0,1
7,0.656986599,77.6569866,365.6569866,184.6569866,86.6569866,330.6569866,89.6569866,0.574249195,0.904578114,1,1,1
7.1,0.72896904,38.72896904,170.728969,63.72896904,35.72896904,1144.728969,36.72896904,0.598260785,0.912917477,0,1,0
7.2,0.793667864,45.79366786,272.7936679,286.7936679,14.79366786,2928.793668,22.79366786,0.513998613,0.262655699,1,1,1
7.3,0.850436621,31.85043662,187.8504366,203.8504366,5.850436621,394.8504366,27.85043662,0.837342577,0.448006773,1,0,1
7.4,0.898708096,34.8987081,172.8987081,56.8987081,69.8987081,1365.898708,99.8987081,0.788993858,0.591065491,0,1,1
7.5,0.937999977,27.93799998,56.93799998,244.938,96.93799998,2805.938,28.93799998,0.200210976,0.164301547,0,1,1
7.6,0.967919672,92.96791967,74.96791967,221.9679197,20.96791967,3597.96792,81.96791967,0.711454191,0.172148032,0,1,1
7.7,0.988168234,11.98816823,113.9881682,70.98816823,80.98816823,3070.988168,81.98816823,0.778162884,0.671973574,1,1,0
7.8,0.998543345,53.99854335,392.9985433,206.9985433,14.99854335,800.9985433,62.99854335,0.179082509,0.56041094,0,1,0
7.9,0.998941342,77.99894134,173.9989413,269.9989413,79.99894134,3903.998941,89.99894134,0.705253551,0.316272605,1,0,1
8,0.989358247,76.98935825,11.98935825,257.9893582,14.98935825,3581.989358,98.98935825,0.211526775,0.112807777,1,0,0
8.1,0.969889811,90.96988981,404.9698898,37.96988981,86.96988981,1630.96989,3.969889811,0.616812388,0.807615491,0,0,1
8.2,0.940730557,83.94073056,60.94073056,0.940730557,9.940730557,1207.940731,18.94073056,0.079433012,0.605509077,1,1,0
8.3,0.902171834,17.90217183,249.9021718,130.9021718,38.90217183,3926.902172,90.90217183,0.610045536,0.366394571,0,1,0
8.4,0.854598908,93.85459891,425.8545989,265.8545989,17.85459891,1624.854599,23.85459891,0.270658928,0.583695518,1,0,1
8.5,0.798487113,37.79848711,206.7984871,96.79848711,49.79848711,2708.798487,92.79848711,0.458476261,0.442048204,1,0,1
8.6,0.734397098,71.7343971,112.7343971,43.7343971,19.7343971,2565.734397,51.7343971,0.477286924,0.618745545,0,1,0
8.7,0.66296923,56.66296923,104.6629692,83.66296923,72.66296923,1876.662969,19.66296923,0.612584717,0.508724462,0,1,1
8.8,0.584917193,45.58491719,236.5849172,26.58491719,52.58491719,1094.584917,51.58491719,0.330805613,0.567828325,1,1,0
8.9,0.501020856,78.50102086,287.5010209,242.5010209,45.50102086,2975.501021,79.50102086,0.747225505,0.520214533,0,1,1
9,0.412118485,57.41211849,17.41211849,251.4121185,14.41211849,2188.412118,78.41211849,0.41529748,0.351246013,0,0,0
9.1,0.319098362,17.31909836,335.3190984,222.3190984,1.319098362,3456.319098,2.319098362,0.225505717,0.475303935,0,1,1
9.2,0.222889914,34.22288991,360.2228899,158.2228899,28.22288991,2194.22289,52.22288991,0.27353698,0.271714572,1,1,1
9.3,0.124454424,54.12445442,391.1244544,218.1244544,15.12445442,2855.124454,66.12445442,0.851025476,0.928948263,1,0,1
9.4,0.024775425,4.024775425,244.0247754,256.0247754,51.02477543,3311.024775,52.02477543,0.676043291,0.034793704,0,0,1
9.5,-0.07515112,11.92484888,357.9248489,295.9248489,24.92484888,1214.924849,98.92484888,0.151281718,0.050754942,1,0,0
9.6,-0.174326781,12.82567322,39.82567322,50.82567322,0.825673219,3925.825673,16.82567322,0.617874071,0.561709714,0,1,1
9.7,-0.271760626,84.72823937,40.72823937,50.72823937,46.72823937,1536.728239,1.728239374,0.518419123,0.735865855,0,0,0
9.8,-0.366479129,74.63352087,295.6335209,245.6335209,40.63352087,2187.633521,55.63352087,0.233932752,0.004520096,1,0,0
9.9,-0.457535894,91.54246411,358.5424641,65.54246411,56.54246411,2727.542464,34.54246411,0.010565041,0.900800351,1,0,1
10,-0.544021111,95.45597889,408.4559789,74.45597889,53.45597889,2951.455979,50.45597889,0.388077366,0.821552831,1,1,0
10.1,-0.625070649,31.37492935,199.3749294,269.3749294,97.37492935,965.3749294,9.374929351,0.907417486,0.025295489,0,0,0
10.2,-0.699874688,65.30012531,226.3001253,172.3001253,16.30012531,2631.300125,40.30012531,0.202135348,0.648718707,0,0,1
10.3,-0.76768581,2.23231419,85.23231419,89.23231419,76.23231419,2715.232314,41.23231419,0.59455232,0.123450883,1,0,0
10.4,-0.827826469,74.17217353,255.1721735,233.1721735,97.17217353,1927.172174,83.17217353,0.253519648,0.755601376,0,1,0
10.5,-0.87969576,81.12030424,343.1203042,42.12030424,32.12030424,744.1203042,7.12030424,0.660196463,0.142698997,0,1,1
10.6,-0.922775422,95.07722458,315.0772246,92.07722458,80.07722458,3473.077225,24.07722458,0.913759487,0.361068561,0,1,0
10.7,-0.956635016,4.043364984,310.043365,93.04336498,-0.956635016,80.04336498,68.04336498,0.777952394,0.7913337,0,1,0
10.8,-0.98093623,11.01906377,299.0190638,257.0190638,2.01906377,2465.019064,46.01906377,0.525056357,0.229640376,1,1,1
10.9,-0.995436253,73.00456375,134.0045637,13.00456375,96.00456375,2684.004564,90.00456375,0.565495427,0.634230645,0,0,0
11,-0.999990207,53.00000979,105.0000098,156.0000098,53.00000979,792.0000098,63.00000979,0.800487988,0.4244892,0,1,1
11.1,-0.994552588,57.00544741,4.005447412,5.005447412,21.00544741,3767.005447,0.005447412,0.851025683,0.623275786,1,1,1
11.2,-0.979177729,26.02082227,-0.979177729,65.02082227,49.02082227,2497.020822,28.02082227,0.052081462,0.448217063,1,0,1
11.3,-0.95401925,15.04598075,449.0459808,174.0459808,87.04598075,2841.045981,5.04598075,0.499402883,0.462172868,1,0,1
11.4,-0.919328526,21.08067147,237.0806715,84.08067147,13.08067147,3655.080671,29.08067147,0.737335307,0.36162288,1,1,1
11.5,-0.875452175,12.12454783,90.12454783,128.1245478,21.12454783,2925.124548,76.12454783,0.752932078,0.752738069,0,0,0
11.6,-0.822828595,54.17717141,391.1771714,277.1771714,99.17717141,2460.177171,93.17717141,0.716023457,0.430991326,0,1,1
11.7,-0.761983584,22.23801642,92.23801642,9.238016416,98.23801642,861.2380164,30.23801642,0.287739004,0.564579053,0,1,1
11.8,-0.693525085,85.30647492,196.3064749,269.3064749,50.30647492,3705.306475,97.30647492,0.468528137,0.710186271,0,0,0
11.9,-0.618137112,84.38186289,349.3818629,54.38186289,69.38186289,3775.381863,41.38186289,0.411983983,0.853903364,1,0,0
12,-0.536572918,43.46342708,402.4634271,238.4634271,47.46342708,2389.463427,20.46342708,0.892283933,0.044839892,0,0,1
12.1,-0.449647465,82.55035254,201.5503525,44.55035254,22.55035254,3526.550353,43.55035254,0.718208695,0.502715829,1,1,0
12.2,-0.358229282,52.64177072,423.6417707,145.6417707,92.64177072,1181.641771,63.64177072,0.044834853,0.467525686,1,0,1
12.3,-0.263231791,2.736768209,409.7367682,145.7367682,82.73676821,1233.736768,85.73676821,0.51942061,0.383174209,0,1,1
12.4,-0.165604175,3.834395825,248.8343958,167.8343958,82.83439582,3099.834396,92.83439582,0.2435712,0.102015161,1,0,1
12.5,-0.066321897,0.933678103,288.9336781,152.9336781,23.9336781,2261.933678,6.933678103,0.104560082,0.197662544,0,0,0
12.6,0.033623047,56.03362305,253.033623,86.03362305,68.03362305,3979.033623,100.033623,0.195097015,0.429642727,0,0,1
12.7,0.133232041,13.13323204,16.13323204,64.13323204,46.13323204,2779.133232,55.13323204,0.072421148,0.560679502,1,1,0
12.8,0.231509825,48.23150983,310.2315098,57.23150983,3.231509825,3594.23151,51.23150983,0.3569779,0.813923007,1,1,1
12.9,0.327474439,76.32747444,316.3274744,51.32747444,16.32747444,2853.327474,91.32747444,0.046580997,0.338415011,1,1,0
13,0.420167037,85.42016704,391.420167,41.42016704,30.42016704,2923.420167,18.42016704,0.245623045,0.746192633,1,1,1
13.1,0.508661464,36.50866146,345.5086615,180.5086615,24.50866146,3635.508661,46.50866146,0.785773511,0.06986166,0,1,0
13.2,0.592073515,99.59207351,92.59207351,32.59207351,22.59207351,1301.592074,4.592073515,0.159557982,0.019297687,0,0,0
13.3,0.669569762,30.66956976,312.6695698,189.6695698,63.66956976,2582.66957,93.66956976,0.07262004,0.957092667,1,0,1
13.4,0.74037589,54.74037589,11.74037589,84.74037589,67.74037589,3661.740376,7.74037589,0.32468581,0.914145376,0,1,1
13.5,0.803784427,31.80378443,335.8037844,185.8037844,75.80378443,3696.803784,86.80378443,0.855180576,0.476267617,0,1,0
13.6,0.859161815,5.859161815,388.8591618,59.85916181,58.85916181,861.8591618,100.8591618,0.491244508,0.587486773,0,1,0
13.7,0.905954742,40.90595474,208.9059547,290.9059547,3.905954742,955.9059547,54.90595474,0.466479345,0.344270113,1,0,0
13.8,0.943695669,97.94369567,253.9436957,252.9436957,44.94369567,1157.943696,3.943695669,0.838222864,0.189982357,1,0,0
13.9,0.972007501,73.9720075,426.9720075,263.9720075,25.9720075,196.9720075,51.9720075,0.411721333,0.750899934,0,1,1
14,0.990607356,3.990607356,359.9906074,145.9906074,34.99060736,1414.990607,72.99060736,0.377280979,0.081240985,1,1,0
14.1,0.999309389,35.99930939,430.9993094,134.9993094,65.99930939,3312.999309,21.99930939,0.06452679,0.820046559,0,0,0
14.2,0.998026653,92.99802665,405.9980267,168.9980267,47.99802665,3836.998027,93.99802665,0.687460908,0.788110313,0,0,1
14.3,0.986771964,68.98677196,384.986772,173.986772,2.986771964,3021.986772,17.98677196,0.935586928,0.110396567,1,1,0
14.4,0.965657777,100.9656578,354.9656578,272.9656578,50.96565778,1819.965658,75.96565778,0.299008911,0.924182432,1,0,0
14.5,0.934895056,44.93489506,240.9348951,151.9348951,55.93489506,3352.934895,40.93489506,0.81372315,0.730025542,0,0,1
14.6,0.894791172,79.89479117,178.8947912,137.8947912,93.89479117,1639.894791,74.89479117,0.804495182,0.269802748,1,1,1
14.7,0.845746831,3.845746831,212.8457468,265.8457468,59.84574683,589.8457468,82.84574683,0.665454898,0.395527826,0,0,0
14.8,0.788252067,54.78825207,120.7882521,275.7882521,1.788252067,652.7882521,50.78825207,0.01791579,0.346981685,1,0,0
14.9,0.72288135,17.72288135,46.72288135,107.7228813,69.72288135,3434.722881,50.72288135,0.443256142,0.593754481,0,1,1
15,0.65028784,19.65028784,373.6502878,19.65028784,30.65028784,1569.650288,77.65028784,0.904295822,0.234564111,0,0,0
15.1,0.57119687,74.57119687,110.5711969,186.5711969,52.57119687,1373.571197,93.57119687,0.979361319,0.735179981,1,1,1
15.2,0.486398689,95.48639869,376.4863987,232.4863987,32.48639869,3397.486399,45.48639869,0.357033167,0.811906973,1,1,0
15.3,0.396740573,18.39674057,222.3967406,142.3967406,57.39674057,106.3967406,21.39674057,0.021812874,0.433129905,1,0,0
15.4,0.303118357,61.30311836,231.3031184,180.3031184,45.30311836,2229.303118,4.303118357,0.305496469,0.444415577,1,1,1
15.5,0.206467482,28.20646748,164.2064675,298.2064675,11.20646748,2744.206467,58.20646748,0.198096377,0.634759044,1,0,0
15.6,0.107753652,77.10775365,29.10775365,48.10775365,99.10775365,3654.107754,46.10775365,0.185208255,0.922260189,1,1,1
15.7,0.007963184,59.00796318,274.0079632,13.00796318,24.00796318,866.0079632,4.007963184,0.094685073,0.856654852,1,0,0
15.8,-0.09190685,-0.09190685,176.9080931,172.9080931,66.90809315,3185.908093,30.90809315,0.635600847,0.958853994,1,0,0
15.9,-0.190858581,92.80914142,106.8091414,120.8091414,31.80914142,499.8091414,1.809141419,0.380539655,0.744985961,1,0,0
16,-0.287903317,8.712096683,231.7120967,29.71209668,97.71209668,1841.712097,90.71209668,0.67599843,0.885959506,1,1,1
16.1,-0.382071417,8.617928583,289.6179286,7.617928583,10.61792858,2044.617929,89.61792858,0.522154077,0.048830973,0,1,0
16.2,-0.472421986,55.52757801,13.52757801,105.527578,91.52757801,692.527578,22.52757801,0.979123394,0.129435352,1,0,1
16.3,-0.558052271,78.44194773,369.4419477,128.4419477,31.44194773,2483.441948,90.44194773,0.592661026,0.751660893,1,0,1
16.4,-0.638106682,78.36189332,266.3618933,128.3618933,51.36189332,3645.361893,50.36189332,0.047267056,0.33136124,1,1,0
16.5,-0.711785342,51.28821466,187.2882147,0.288214658,64.28821466,3299.288215,97.28821466,0.952918665,0.167356485,1,1,1
16.6,-0.778352079,39.22164792,43.22164792,85.22164792,56.22164792,3693.221648,46.22164792,0.487511215,0.93837269,0,1,1
16.7,-0.837141778,28.16285822,296.1628582,136.1628582,5.162858222,3057.162858,24.16285822,0.487740454,0.656991194,0,1,1
16.8,-0.887567034,43.11243297,378.112433,34.11243297,53.11243297,243.112433,18.11243297,0.074328629,0.256302101,1,1,1
16.9,-0.929124013,74.07087599,257.070876,240.070876,5.070875987,72.07087599,2.070875987,0.266754252,0.520294858,0,1,0
17,-0.961397492,88.03860251,39.03860251,1.038602508,83.03860251,149.0386025,80.03860251,0.366163248,0.741797095,0,0,0
17.1,-0.984065005,85.01593499,129.015935,61.01593499,51.01593499,1333.015935,0.015934995,0.05051866,0.839955643,1,0,1
17.2,-0.996900066,-0.996900066,348.0030999,255.0030999,14.00309993,2673.0031,16.00309993,0.004808231,0.864176658,1,1,0
17.3,-0.999774431,45.00022557,240.0002256,107.0002256,41.00022557,1713.000226,31.00022557,0.119198094,0.812440281,1,1,0
17.4,-0.99265938,-0.99265938,2.00734062,297.0073406,95.00734062,2636.007341,9.00734062,0.394529165,0.167182388,1,1,0
17.5,-0.975626005,80.02437399,6.024373995,165.024374,21.02437399,728.024374,75.02437399,0.636206918,0.416917367,1,0,0
17.6,-0.948844498,97.0511555,172.0511555,164.0511555,37.0511555,635.0511555,70.0511555,0.805807975,0.955151273,1,0,0
17.7,-0.91258245,30.08741755,191.0874176,16.08741755,90.08741755,141.0874176,55.08741755,0.141184503,0.843349285,0,0,1
17.8,-0.867202179,61.13279782,441.1327978,212.1327978,29.13279782,1777.132798,79.13279782,0.728622671,0.787051138,0,1,1
17.9,-0.813157112,49.18684289,16.18684289,28.18684289,46.18684289,3175.186843,11.18684289,0.298030038,0.141543325,1,1,1
18,-0.750987247,4.249012753,287.2490128,161.2490128,39.24901275,2156.249013,59.24901275,0.545622994,0.071613961,1,0,1
18.1,-0.681313766,36.31868623,440.3186862,188.3186862,47.31868623,3745.318686,11.31868623,0.762528102,0.271848393,1,1,0
18.2,-0.604832822,35.39516718,61.39516718,154.3951672,51.39516718,1589.395167,55.39516718,0.559813386,0.558262414,0,0,1
18.3,-0.52230859,19.47769141,326.4776914,219.4776914,67.47769141,1395.477691,54.47769141,0.894602698,0.23513365,1,0,1
18.4,-0.434565622,78.56543438,320.5654344,265.5654344,87.56543438,3342.565434,33.56543438,0.015731024,0.986128195,0,1,0
18.5,-0.342480618,2.657519382,77.65751938,188.6575194,57.65751938,3394.657519,17.65751938,0.892847955,0.53137115,0,0,1
18.6,-0.246973662,87.75302634,92.75302634,23.75302634,21.75302634,381.7530263,73.75302634,0.207329419,0.210537199,0,1,1
18.7,-0.148999026,58.85100097,346.851001,42.85100097,26.85100097,3387.851001,-0.148999026,0.596788219,0.665387891,1,0,0
18.8,-0.049535641,58.95046436,160.9504644,231.9504644,81.95046436,1007.950464,10.95046436,0.416388959,0.609242537,1,0,1
18.9,0.050422688,12.05042269,253.0504227,86.05042269,34.05042269,1992.050423,40.05042269,0.833583383,0.931003339,0,0,1
19,0.14987721,45.14987721,381.1498772,200.1498772,11.14987721,3341.149877,65.14987721,0.787359764,0.370788474,1,0,0
19.1,0.247834208,59.24783421,107.2478342,294.2478342,76.24783421,1006.247834,18.24783421,0.559461927,0.45277286,1,0,1
19.2,0.343314929,34.34331493,52.34331493,129.3433149,30.34331493,2405.343315,15.34331493,0.208224133,0.295107303,1,0,0
19.3,0.43536536,47.43536536,162.4353654,31.43536536,69.43536536,2108.435365,43.43536536,0.539834575,0.725052427,0,0,0
19.4,0.523065765,37.52306577,270.5230658,235.5230658,42.52306577,1262.523066,83.52306577,0.672012499,0.079805153,0,0,0
19.5,0.60553987,82.60553987,340.6055399,185.6055399,73.60553987,715.6055399,97.60553987,0.452877402,0.347593999,0,0,0
19.6,0.68196362,44.68196362,226.6819636,255.6819636,59.68196362,3713.681964,47.68196362,0.90149806,0.763331752,1,1,1
19.7,0.751573415,23.75157342,112.7515734,253.7515734,24.75157342,2563.751573,22.75157342,0.464850273,0.432040613,0,0,1
19.8,0.813673738,15.81367374,380.8136737,222.8136737,8.813673738,3640.813674,98.81367374,0.549133491,0.564030092,0,1,0
19.9,0.867644101,71.8676441,329.8676441,170.8676441,86.8676441,2712.867644,99.8676441,0.479657438,0.693482932,1,0,1
20,0.912945251,45.91294525,162.9129453,251.9129453,80.91294525,1370.912945,50.91294525,0.089941792,0.046614919,1,0,1
20.1,0.949124554,88.94912455,434.9491246,208.9491246,6.949124554,2751.949125,87.94912455,0.127459101,0.763185535,0,0,0
20.2,0.975820518,16.97582052,123.9758205,78.97582052,79.97582052,1500.975821,81.97582052,0.46344262,0.60259285,0,0,0
20.3,0.992766406,91.99276641,102.9927664,206.9927664,51.99276641,2011.992766,24.99276641,0.830001474,0.972821936,1,1,1
20.4,0.9997929,62.9997929,241.9997929,174.9997929,76.9997929,2006.999793,48.9997929,0.780363151,0.420427266,1,0,1
20.5,0.996829794,89.99682979,10.99682979,292.9968298,9.996829794,482.9968298,47.99682979,0.697349676,0.678909562,0,0,0
20.6,0.983906695,21.98390669,364.9839067,97.98390669,74.98390669,1225.983907,49.98390669,0.615644869,0.186252073,0,0,1
20.7,0.961152725,24.96115272,312.9611527,269.9611527,27.96115272,1762.961153,75.96115272,0.788308853,0.162582521,1,0,1
20.8,0.928795234,14.92879523,212.9287952,282.9287952,2.928795234,2712.928795,92.92879523,0.673730444,0.858367725,0,0,0
20.9,0.887157529,93.88715753,28.88715753,85.88715753,18.88715753,1599.887158,13.88715753,0.561011904,0.923768824,0,1,1
21,0.836655639,88.83665564,100.8366556,253.8366556,64.83665564,2425.836656,8.836655639,0.844526442,0.688025562,0,0,1
21.1,0.777794162,82.77779416,379.7777942,76.77779416,84.77779416,2213.777794,26.77779416,0.846403067,0.217176065,0,1,1
21.2,0.711161223,60.71116122,109.7111612,154.7111612,93.71116122,2624.711161,27.71116122,0.974304617,0.588001364,1,0,1
21.3,0.637422596,84.6374226,386.6374226,266.6374226,59.6374226,2920.637423,84.6374226,0.745353675,0.776453284,0,0,1
21.4,0.557315054,10.55731505,145.5573151,123.5573151,1.557315054,724.5573151,65.55731505,0.836199428,0.628672563,1,1,0
21.5,0.471639003,57.471639,259.471639,54.471639,53.471639,1788.471639,59.471639,0.58927169,0.225277295,0,0,1
21.6,0.381250492,65.38125049,98.38125049,94.38125049,13.38125049,1781.38125,40.38125049,0.834401711,0.109430822,0,1,0
21.7,0.287052651,13.28705265,277.2870527,269.2870527,90.28705265,3349.287053,45.28705265,0.670424174,0.039428739,1,0,0
21.8,0.189986676,68.18998668,152.1899867,56.18998668,93.18998668,579.1899867,73.18998668,0.729122663,0.404004318,1,1,1
21.9,0.091022416,1.091022416,184.0910224,127.0910224,38.09102242,525.0910224,1.091022416,0.639986247,0.659975414,0,1,1
22,-0.008851309,93.99114869,440.9911487,120.9911487,45.99114869,2101.991149,95.99114869,0.053351937,0.289204472,0,0,1
22.1,-0.108636595,66.8913634,261.8913634,109.8913634,1.891363405,654.8913634,23.8913634,0.051469918,0.906245528,0,0,1
22.2,-0.207336421,83.79266358,131.7926636,150.7926636,35.79266358,1129.792664,73.79266358,0.374993357,0.277488867,1,1,0
22.3,-0.303964609,97.69603539,367.6960354,33.69603539,31.69603539,422.6960354,41.69603539,0.332484172,0.266340645,1,1,0
22.4,-0.397555683,54.60244432,353.6024443,195.6024443,22.60244432,3108.602444,60.60244432,0.582258044,0.381706687,0,1,0
22.5,-0.487174512,44.51282549,139.5128255,196.5128255,29.51282549,2634.512825,44.51282549,0.654803954,0.803205949,1,1,1
22.6,-0.571925655,39.42807434,299.4280743,228.4280743,31.42807434,855.4280743,4.428074345,0.055876594,0.566430968,0,1,0
22.7,-0.650962306,29.34903769,222.3490377,254.3490377,71.34903769,2409.349038,70.34903769,0.050221997,0.146262454,0,0,0
22.8,-0.723494756,12.27650524,97.27650524,2.276505244,83.27650524,3892.276505,67.27650524,0.90011512,0.745191511,1,1,0
22.9,-0.788798286,79.21120171,313.2112017,190.2112017,4.211201714,2186.211202,49.21120171,0.190086573,0.649433076,1,1,1
23,-0.846220404,35.1537796,228.1537796,61.1537796,75.1537796,3217.15378,11.1537796,0.115208046,0.710344117,0,1,0
23.1,-0.895187368,49.10481263,332.1048126,171.1048126,40.10481263,2091.104813,76.10481263,0.668235304,0.718678112,0,0,1
23.2,-0.935209915,60.06479008,378.0647901,19.06479008,91.06479008,565.0647901,20.06479008,0.403305727,0.099417008,1,0,0
23.3,-0.965888154,83.03411185,311.0341118,236.0341118,1.034111846,2281.034112,54.03411185,0.706730576,0.413573486,0,1,1
23.4,-0.986915558,39.01308444,62.01308444,102.0130844,81.01308444,1439.013084,88.01308444,0.204719797,0.768918738,0,1,1
23.5,-0.998082028,81.00191797,181.001918,59.00191797,54.00191797,2599.001918,52.00191797,0.94119146,0.719979689,0,0,1
23.6,-0.999275992,53.00072401,296.000724,249.000724,68.00072401,2371.000724,4.000724008,0.101689521,0.114666542,1,0,0
23.7,-0.990485521,24.00951448,158.0095145,265.0095145,33.00951448,943.0095145,78.00951448,0.593652196,0.488319984,1,1,0
23.8,-0.971798446,82.02820155,127.0282016,45.02820155,67.02820155,1355.028202,87.02820155,0.802454371,0.195514409,0,0,0
23.9,-0.943401482,46.05659852,171.0565985,50.05659852,44.05659852,1448.056599,2.056598518,0.394344062,0.220886077,1,0,1
24,-0.905578362,29.09442164,16.09442164,118.0944216,7.094421638,2752.094422,95.09442164,0.661251831,0.925688286,1,0,0
24.1,-0.858707003,51.141293,70.141293,253.141293,36.141293,2483.141293,62.141293,0.476785832,0.379771122,1,1,1
24.2,-0.803255727,66.19674427,109.1967443,255.1967443,88.19674427,3153.196744,98.19674427,0.173373157,0.819081845,1,1,1
24.3,-0.739778585,1.260221415,277.2602214,240.2602214,48.26022141,3534.260221,29.26022141,0.303621692,0.485279926,1,0,1
24.4,-0.66890982,28.33109018,440.3310902,82.33109018,76.33109018,997.3310902,15.33109018,0.852420967,0.530093466,1,0,1
24.5,-0.59135753,87.40864247,10.40864247,158.4086425,6.40864247,1715.408642,48.40864247,0.796084828,0.201736189,0,0,0
24.6,-0.50789659,29.49210341,13.49210341,210.4921034,98.49210341,2221.492103,89.49210341,0.650425813,0.947034528,1,1,0
24.7,-0.419360916,88.58063908,186.5806391,0.580639084,18.58063908,2182.580639,51.58063908,0.300295382,0.651102961,1,0,1
24.8,-0.326635126,28.67336487,92.67336487,62.67336487,63.67336487,2315.673365,10.67336487,0.757223224,0.221724788,1,1,0
24.9,-0.230645706,52.76935429,346.7693543,203.7693543,92.76935429,3043.769354,46.76935429,0.345513489,0.712168809,1,0,1
25,-0.13235175,48.86764825,120.8676482,89.86764825,21.86764825,2809.867648,4.86764825,0.040940428,0.446401181,1,0,1
25.1,-0.032735379,82.96726462,371.9672646,138.9672646,58.96726462,3992.967265,79.96726462,0.799709199,0.176139689,1,1,1
25.2,0.067208073,80.06720807,252.0672081,158.0672081,24.06720807,1848.067208,83.06720807,0.674448604,0.333042357,1,1,1
25.3,0.166480004,48.16648,246.16648,211.16648,27.16648,2847.16648,68.16648,0.701276201,0.347250913,0,1,0
25.4,0.264088521,13.26408852,129.2640885,217.2640885,47.26408852,2514.264089,41.26408852,0.420219425,0.023236765,0,1,1
25.5,0.359058354,7.359058354,440.3590584,232.3590584,52.35905835,3639.359058,5.359058354,0.895147301,0.088977619,0,1,0
25.6,0.450440594,14.45044059,289.4504406,85.45044059,13.45044059,967.4504406,35.45044059,0.82209791,0.739824688,1,1,0
25.7,0.537322181,74.53732218,54.53732218,290.5373222,97.53732218,1020.537322,41.53732218,0.360552213,0.757540296,0,0,1
25.8,0.618835022,24.61883502,200.618835,282.618835,21.61883502,1299.618835,50.61883502,0.097812998,0.880224149,0,0,0
25.9,0.694164668,3.694164668,358.6941647,199.6941647,2.694164668,2201.694165,21.69416467,0.653211294,0.346465575,1,0,0
26,0.76255845,99.76255845,352.7625585,259.7625585,8.76255845,322.7625585,11.76255845,0.092307729,0.481690477,0,1,1
26.1,0.823333001,18.823333,350.823333,197.823333,95.823333,313.823333,28.823333,0.78578162,0.047589097,0,1,1
26.2,0.87588108,15.87588108,270.8758811,89.87588108,88.87588108,3053.875881,55.87588108,0.411553985,0.474714615,0,1,1
26.3,0.919677645,25.91967764,303.9196776,206.9196776,84.91967764,996.9196776,31.91967764,0.46480256,0.213327175,1,0,1
26.4,0.954285094,42.95428509,120.9542851,266.9542851,39.95428509,3306.954285,41.95428509,0.083717232,0.223888088,0,1,0
26.5,0.979357643,59.97935764,112.9793576,93.97935764,54.97935764,727.9793576,10.97935764,0.790376209,0.657924416,0,0,0
26.6,0.994644774,23.99464477,434.9946448,139.9946448,21.99464477,1693.994645,20.99464477,0.565492044,0.998106817,1,0,1
26.7,0.999993743,42.99999374,341.9999937,144.9999937,90.99999374,1425.999994,30.99999374,0.288923332,0.610968051,1,0,0
26.8,0.995351105,74.9953511,376.9953511,106.9953511,56.9953511,642.9953511,76.9953511,0.06980488,0.040726192,0,1,0
26.9,0.980763248,68.98076325,179.9807632,38.98076325,40.98076325,2119.980763,81.98076325,0.773896941,0.234304295,1,0,1
27,0.956375928,95.95637593,214.9563759,261.9563759,4.956375928,1505.956376,83.95637593,0.167765784,0.128346492,0,0,1
27.1,0.922432817,12.92243282,299.9224328,198.9224328,11.92243282,3155.922433,78.92243282,0.304186867,0.480922869,1,1,0
27.2,0.879273062,44.87927306,257.8792731,150.8792731,22.87927306,3414.879273,55.87927306,0.702151386,0.407198714,0,1,0
27.3,0.827327901,100.8273279,3.827327901,296.8273279,99.8273279,2057.827328,10.8273279,0.27270301,0.201332143,1,1,0
27.4,0.767116353,74.76711635,55.76711635,189.7671164,94.76711635,3282.767116,93.76711635,0.53345434,0.892635359,1,1,0
27.5,0.699240032,8.699240032,391.69924,154.69924,10.69924003,3117.69924,34.69924003,0.640016434,0.575336961,0,0,0
27.6,0.624377135,66.62437714,25.62437714,31.62437714,20.62437714,503.6243771,49.62437714,0.241962841,0.213539952,0,1,0
27.7,0.543275669,64.54327567,234.5432757,109.5432757,95.54327567,1573.543276,34.54327567,0.945238136,0.269814124,1,0,1
27.8,0.456745972,34.45674597,101.456746,54.45674597,23.45674597,3820.456746,86.45674597,0.113687395,0.723731008,1,1,1
27.9,0.36565262,91.36565262,286.3656526,150.3656526,82.36565262,3325.365653,48.36565262,0.211563053,0.487189878,1,0,0
28,0.270905788,15.27090579,43.27090579,253.2709058,94.27090579,1040.270906,70.27090579,0.19111862,0.946903974,0,1,0
28.1,0.173452155,67.17345216,445.1734522,54.17345216,86.17345216,2483.173452,32.17345216,0.662385439,0.874300339,0,0,1
28.2,0.074265446,48.07426545,137.0742654,293.0742654,66.07426545,1166.074265,80.07426545,0.791475677,0.650282119,1,0,0
28.3,-0.0256633,96.9743367,236.9743367,227.9743367,60.9743367,2500.974337,57.9743367,0.875356386,0.045792488,1,0,1
28.4,-0.125335626,85.87466437,17.87466437,31.87466437,41.87466437,1145.874664,63.87466437,0.439230446,0.400171901,0,1,0
28.5,-0.22375564,43.77624436,155.7762444,23.77624436,26.77624436,2069.776244,21.77624436,0.108517842,0.145201583,1,1,1
28.6,-0.319939962,26.68006004,252.68006,83.68006004,35.68006004,226.68006,10.68006004,0.52755169,0.915846987,1,1,1
28.7,-0.412927549,0.587072451,433.5870725,282.5870725,30.58707245,182.5870725,21.58707245,0.398849544,0.346097676,0,1,1
28.8,-0.501789301,16.4982107,141.4982107,298.4982107,74.4982107,652.4982107,95.4982107,0.913593611,0.836982352,1,1,1
28.9,-0.58563734,59.41436266,88.41436266,76.41436266,77.41436266,99.41436266,12.41436266,0.556582605,0.467897859,0,0,1
29,-0.663633884,99.33636612,282.3363661,149.3363661,17.33636612,3087.336366,49.33636612,0.41123543,0.141590113,0,1,0
29.1,-0.734999618,86.26500038,201.2650004,249.2650004,26.26500038,1483.265,47.26500038,0.56039941,0.798692679,0,0,0
29.2,-0.799021479,96.20097852,403.2009785,23.20097852,27.20097852,2498.200979,57.20097852,0.904906057,0.869354742,0,0,0
29.3,-0.855059781,74.14494022,97.14494022,284.1449402,17.14494022,2315.14494,14.14494022,0.049424856,0.018093306,1,1,1
29.4,-0.902554608,80.09744539,105.0974454,68.09744539,50.09744539,2842.097445,80.09744539,0.427060692,0.735079924,1,1,0
29.5,-0.941031408,10.05896859,78.05896859,39.05896859,33.05896859,1094.058969,80.05896859,0.449238482,0.370880593,1,0,0
29.6,-0.970105734,28.02989427,234.0298943,54.02989427,55.02989427,1244.029894,49.02989427,0.342636217,0.473400716,0,0,1
29.7,-0.989487083,70.01051292,325.0105129,118.0105129,29.01051292,1989.010513,64.01051292,0.535995435,0.138154036,0,1,0
29.8,-0.998981805,63.0010182,294.0010182,212.0010182,11.0010182,2571.001018,49.0010182,0.661319135,0.142958887,0,1,1
29.9,-0.998495031,96.00150497,425.001505,211.001505,23.00150497,2183.001505,44.00150497,0.335022855,0.129897858,0,1,0
30,-0.988031624,84.01196838,165.0119684,151.0119684,33.01196838,2586.011968,34.01196838,0.010134411,0.737614641,0,1,1
30.1,-0.967696132,35.03230387,106.0323039,284.0323039,62.03230387,1789.032304,13.03230387,0.005490544,0.463215175,0,1,0
30.2,-0.93769174,92.06230826,295.0623083,179.0623083,21.06230826,687.0623083,92.06230826,0.448899408,0.411443847,0,0,0
30.3,-0.898318243,85.10168176,413.1016818,103.1016818,82.10168176,260.1016818,28.10168176,0.137361795,0.452273307,1,1,0
30.4,-0.849969046,5.150030954,373.150031,292.150031,62.15003095,492.150031,38.15003095,0.216329167,0.530941856,1,0,1
30.5,-0.793127239,3.206872761,187.2068728,2.206872761,72.20687276,2262.206873,3.206872761,0.774710114,0.777546481,1,0,0
30.6,-0.728360768,90.27163923,410.2716392,61.27163923,35.27163923,2414.271639,95.27163923,0.91988066,0.522818789,0,0,0
30.7,-0.656316756,33.34368324,80.34368324,277.3436832,74.34368324,3714.343683,69.34368324,0.441910263,0.170633693,0,0,1
30.8,-0.577715044,38.42228496,134.422285,135.422285,18.42228496,1027.422285,35.42228496,0.522355102,0.748001557,0,0,1
30.9,-0.493340995,46.50665901,237.506659,123.506659,14.50665901,96.50665901,56.50665901,0.353614089,0.986914191,0,1,1
31,-0.404037645,29.59596235,259.5959624,47.59596235,83.59596235,3832.595962,24.59596235,0.684883542,0.400036084,0,1,1
31.1,-0.310697285,78.68930271,147.6893027,119.6893027,55.68930271,600.6893027,67.68930271,0.445365641,0.768412244,0,0,1
31.2,-0.21425254,15.78574746,448.7857475,243.7857475,40.78574746,1691.785747,15.78574746,0.713469974,0.022011593,1,1,0
31.3,-0.115667055,25.88433295,73.88433295,118.8843329,72.88433295,895.8843329,66.88433295,0.776516688,0.104812776,0,1,0
31.4,-0.015925863,31.98407414,293.9840741,84.98407414,99.98407414,2624.984074,46.98407414,0.052571889,0.339198235,0,0,0
31.5,0.083974456,8.083974456,285.0839745,253.0839745,21.08397446,2924.083974,64.08397446,0.820750653,0.34741188,0,1,0
31.6,0.183035729,68.18303573,408.1830357,127.1830357,43.18303573,3072.183036,13.18303573,0.93109865,0.147683145,1,1,1
31.7,0.28026817,53.28026817,437.2802682,90.28026817,62.28026817,527.2802682,11.28026817,0.752989455,0.379757331,1,0,1
31.8,0.374700264,57.37470026,168.3747003,102.3747003,60.37470026,3702.3747,22.37470026,0.683279669,0.473221149,1,1,1
31.9,0.465388476,10.46538848,275.4653885,170.4653885,44.46538848,983.4653885,22.46538848,0.435048557,0.50482537,1,0,1
32,0.551426681,53.55142668,307.5514267,2.551426681,69.55142668,61.55142668,35.55142668,0.559215502,0.718093841,0,1,1
32.1,0.631955213,69.63195521,179.6319552,207.6319552,64.63195521,3641.631955,24.63195521,0.278237603,0.795551613,0,0,1
32.2,0.706169457,64.70616946,121.7061695,235.7061695,60.70616946,1537.706169,34.70616946,0.877923931,0.168898167,1,0,1
32.3,0.77332789,64.77332789,21.77332789,203.7733279,21.77332789,779.7733279,2.77332789,0.121333952,0.53457447,0,0,1
32.4,0.832759485,13.83275949,147.8327595,157.8327595,36.83275949,482.8327595,39.83275949,0.235726527,0.649063273,0,0,1
32.5,0.883870424,27.88387042,112.8838704,102.8838704,85.88387042,1844.88387,15.88387042,0.504669951,0.667037457,1,0,0
32.6,0.926150021,14.92615002,60.92615002,124.92615,13.92615002,548.92615,24.92615002,0.277078916,0.608868296,1,0,0
32.7,0.959175833,54.95917583,182.9591758,178.9591758,52.95917583,85.95917583,56.95917583,0.553183108,0.142080026,0,0,1
32.8,0.982617877,12.98261788,23.98261788,112.9826179,17.98261788,2414.982618,74.98261788,0.035003534,0.199461228,1,0,1
32.9,0.996241929,81.99624193,236.9962419,111.9962419,88.99624193,2987.996242,67.99624193,0.413635563,0.696592729,1,0,0
33,0.99991186,22.99991186,173.9999119,66.99991186,65.99991186,1138.999912,87.99991186,0.31700485,0.479030285,1,1,1
33.1,0.993591003,21.993591,74.993591,19.993591,68.993591,3413.993591,74.993591,0.041675392,0.450398026,1,1,0
33.2,0.977342512,27.97734251,331.9773425,219.9773425,27.97734251,3760.977343,62.97734251,0.51390367,0.574939594,0,1,1
33.3,0.951328739,12.95132874,367.9513287,57.95132874,68.95132874,3063.951329,27.95132874,0.537697029,0.814810535,0,1,1
33.4,0.915809603,23.9158096,283.9158096,32.9158096,66.9158096,418.9158096,10.9158096,0.092330966,0.426276796,0,1,0
33.5,0.87114,9.87114,294.87114,115.87114,56.87114,249.87114,68.87114,0.174763453,0.656451546,0,0,0
33.6,0.817766255,86.81776625,59.81776625,15.81776625,20.81776625,1497.817766,5.817766255,0.068635311,0.735012279,1,1,0
33.7,0.756221659,45.75622166,356.7562217,222.7562217,98.75622166,1435.756222,85.75622166,0.993292522,0.185465131,1,1,1
33.8,0.687121146,99.68712115,339.6871211,56.68712115,1.687121146,2359.687121,76.68712115,0.747541537,0.053052615,1,1,1
33.9,0.611155146,58.61115515,230.6111551,39.61115515,80.61115515,1437.611155,18.61115515,0.527762112,0.885251144,1,0,0
34,0.529082686,45.52908269,377.5290827,31.52908269,63.52908269,3731.529083,61.52908269,0.570067671,0.496447409,1,0,1
34.1,0.441723807,92.44172381,113.4417238,86.44172381,85.44172381,1222.441724,90.44172381,0.719655006,0.108640724,0,0,0
34.2,0.349951369,34.34995137,292.3499514,221.3499514,89.34995137,3963.349951,83.34995137,0.559695033,0.278566804,0,0,1
34.3,0.254682333,83.25468233,394.2546823,47.25468233,57.25468233,3208.254682,26.25468233,0.944136891,0.480486636,0,0,0
34.4,0.156868595,8.156868595,356.1568686,74.1568686,23.1568686,2717.156869,49.1568686,0.43888834,0.259401026,0,0,0
34.5,0.057487478,9.057487478,387.0574875,32.05748748,95.05748748,3967.057487,17.05748748,0.197354915,0.307306491,0,1,0
34.6,-0.042468035,96.95753197,132.957532,228.957532,16.95753197,954.957532,41.95753197,0.961278103,0.712017967,0,1,0
34.7,-0.141999221,4.858000779,430.8580008,104.8580008,70.85800078,3148.858001,61.85800078,0.07054272,0.162597008,1,0,1
34.8,-0.240111598,75.7598884,119.7598884,62.7598884,27.7598884,2091.759888,55.7598884,0.316227812,0.89714058,0,1,0
34.9,-0.335824859,66.66417514,415.6641751,148.6641751,0.664175141,1953.664175,20.66417514,0.640879462,0.211820277,0,1,0
35,-0.428182669,44.57181733,432.5718173,80.57181733,46.57181733,2347.571817,4.571817331,0.027714708,0.697818898,0,0,0
35.1,-0.51626222,9.48373778,355.4837378,71.48373778,32.48373778,3385.483738,63.48373778,0.504153836,0.032444731,0,1,1
35.2,-0.599183449,41.40081655,295.4008166,10.40081655,94.40081655,1355.400817,73.40081655,0.004698504,0.145634674,1,1,1
35.3,-0.676117835,25.32388216,419.3238822,128.3238822,-0.676117835,2222.323882,70.32388216,0.610176072,0.36720619,1,0,1
35.4,-0.746296676,50.25370332,445.2537033,65.25370332,87.25370332,590.2537033,68.25370332,0.75503671,0.71422678,1,0,0
35.5,-0.809018766,42.19098123,332.1909812,81.19098123,35.19098123,445.1909812,95.19098123,0.454340671,0.424077114,0,1,1
35.6,-0.863657409,97.13634259,253.1363426,264.1363426,16.13634259,374.1363426,23.13634259,0.766971706,0.423329087,1,0,0
35.7,-0.909666672,1.090333328,342.0903333,25.09033333,9.090333328,992.0903333,70.09033333,0.833951475,0.628686536,0,0,1
35.8,-0.946586846,8.053413154,344.0534132,159.0534132,1.053413154,581.0534132,47.05341315,0.825645566,0.911066237,1,1,0
35.9,-0.974049038,10.02595096,325.025951,90.02595096,82.02595096,1031.025951,63.02595096,0.490043547,0.330255944,0,1,0
36,-0.991778853,83.00822115,393.0082211,108.0082211,67.00822115,3281.008221,20.00822115,0.624507868,0.113479322,1,0,0
36.1,-0.999599143,49.00040086,145.0004009,188.0004009,54.00040086,2034.000401,12.00040086,0.430026478,0.77794161,1,0,0
36.2,-0.997431767,44.00256823,356.0025682,142.0025682,23.00256823,3029.002568,89.00256823,0.241755344,0.175273888,1,0,1
36.3,-0.985298384,36.01470162,181.0147016,240.0147016,35.01470162,908.0147016,2.014701616,0.754920871,0.550256312,1,0,1
36.4,-0.963320224,39.03667978,444.0366798,258.0366798,89.03667978,2141.03668,14.03667978,0.406977297,0.313142091,0,1,0
36.5,-0.931716888,70.06828311,41.06828311,13.06828311,2.068283112,3701.068283,91.06828311,0.63088944,0.641120168,1,0,1
36.6,-0.890804144,76.10919586,267.1091959,51.10919586,36.10919586,2538.109196,86.10919586,0.907117177,0.50407078,1,1,1
36.7,-0.84099078,31.15900922,431.1590092,207.1590092,53.15900922,694.1590092,41.15900922,0.009850898,0.375687663,1,1,1
36.8,-0.782774514,30.21722549,397.2172255,11.21722549,46.21722549,1013.217225,5.217225486,0.277106494,0.28837176,0,0,0
36.9,-0.716737023,66.28326298,8.283262977,194.283263,26.28326298,494.283263,72.28326298,0.653235967,0.81273123,1,1,0
37,-0.643538133,16.35646187,165.3564619,56.35646187,66.35646187,1656.356462,52.35646187,0.183502442,0.008034714,0,0,0
37.1,-0.563909223,64.43609078,372.4360908,107.4360908,96.43609078,3618.436091,5.436090777,0.53301801,0.417346146,0,1,0
37.2,-0.478645919,29.52135408,101.5213541,161.5213541,85.52135408,1267.521354,29.52135408,0.743471458,0.959984329,0,1,1
37.3,-0.388600142,30.61139986,348.6113999,262.6113999,0.611399858,2301.6114,0.611399858,0.094121433,0.968722666,1,0,1
37.4,-0.294671602,56.7053284,304.7053284,254.7053284,9.705328398,2078.705328,54.7053284,0.560464583,0.918058018,1,1,0
37.5,-0.1977988,49.8022012,315.8022012,55.8022012,57.8022012,2712.802201,71.8022012,0.706112988,0.510133459,0,1,1
37.6,-0.098949658,88.90105034,92.90105034,258.9010503,18.90105034,533.9010503,50.90105034,0.954292855,0.297809452,1,1,0
37.7,0.000888157,33.00088816,135.0008882,255.0008882,71.00088816,1019.000888,14.00088816,0.722186966,0.280170261,1,0,0
37.8,0.100717097,34.1007171,292.1007171,168.1007171,81.1007171,2215.100717,81.1007171,0.746044002,0.476890579,0,1,0
37.9,0.199539705,26.19953971,406.1995397,41.19953971,87.19953971,1781.19954,14.19953971,0.561951193,0.114440172,0,0,0
38,0.296368579,49.29636858,352.2963686,168.2963686,79.29636858,1606.296369,52.29636858,0.60688017,0.267606283,1,1,0
38.1,0.390236235,62.39023624,416.3902362,228.3902362,19.39023624,2268.390236,33.39023624,0.85026749,0.779328255,1,0,0
38.2,0.48020478,29.48020478,415.4802048,104.4802048,25.48020478,3208.480205,72.48020478,0.620164039,0.079629776,0,1,1
38.3,0.565375278,48.56537528,297.5653753,260.5653753,90.56537528,1664.565375,9.565375278,0.561259722,0.208458168,1,0,0
38.4,0.644896733,38.64489673,234.6448967,243.6448967,29.64489673,615.6448967,41.64489673,0.689129458,0.965216572,1,0,1
38.5,0.717974593,10.71797459,397.7179746,200.7179746,31.71797459,754.7179746,65.71797459,0.398006683,0.055427203,1,0,1
38.6,0.783878688,40.78387869,394.7838787,134.7838787,25.78387869,2557.783879,29.78387869,0.420263238,0.122014088,1,1,1
38.7,0.841950526,68.84195053,160.8419505,56.84195053,63.84195053,3126.841951,50.84195053,0.534843968,0.737996093,0,0,0
38.8,0.891609873,68.89160987,202.8916099,9.891609873,42.89160987,911.8916099,81.89160987,0.017774314,0.39872448,1,1,1
38.9,0.932360549,32.93236055,40.93236055,78.93236055,51.93236055,666.9323605,90.93236055,0.214457261,0.92905367,1,1,0
39,0.963795386,57.96379539,124.9637954,20.96379539,17.96379539,3116.963795,89.96379539,0.064387183,0.995239746,1,1,1
39.1,0.985600299,85.9856003,378.9856003,190.9856003,100.9856003,2725.9856,11.9856003,0.692419034,0.973255686,0,1,0
39.2,0.997557419,60.99755742,219.9975574,277.9975574,35.99755742,1797.997557,6.997557419,0.179598087,0.290791259,1,0,0
39.3,0.999547275,77.99954728,324.9995473,55.99954728,59.99954728,3296.999547,77.99954728,0.151812544,0.389129562,1,1,0
39.4,0.991549985,63.99154999,57.99154999,88.99154999,6.991549985,2195.99155,27.99154999,0.925625356,0.990639109,1,0,1
39.5,0.973645456,33.97364546,303.9736455,104.9736455,17.97364546,2099.973645,19.97364546,0.316884128,0.028040902,1,1,1
39.6,0.946012583,86.94601258,99.94601258,149.9460126,39.94601258,3113.946013,20.94601258,0.435919951,0.652723881,0,0,1
39.7,0.908927465,17.90892746,344.9089275,91.90892746,8.908927465,3649.908927,2.908927465,0.810446622,0.563970214,1,1,1
39.8,0.862760644,38.86276064,367.8627606,98.86276064,79.86276064,3229.862761,5.862760644,0.438353056,0.120378219,0,0,1
39.9,0.807973404,100.8079734,166.8079734,10.8079734,77.8079734,1114.807973,63.8079734,0.13259211,0.663211342,0,0,0
40,0.74511316,48.74511316,5.74511316,209.7451132,66.74511316,2076.745113,54.74511316,0.048294082,0.34862563,1,0,0
40.1,0.674807993,84.67480799,384.674808,170.674808,65.67480799,1244.674808,79.67480799,0.747876796,0.558312216,0,0,0
40.2,0.597760367,44.59776037,386.5977604,133.5977604,23.59776037,3967.59776,86.59776037,0.711456251,0.895825266,1,0,0
40.3,0.514740117,43.51474012,365.5147401,135.5147401,68.51474012,3136.51474,27.51474012,0.524429792,0.512084032,0,0,0
40.4,0.426576754,3.426576754,102.4265768,70.42657675,42.42657675,1795.426577,19.42657675,0.88302001,0.112369599,1,1,0
40.5,0.334151177,3.334151177,120.3341512,88.33415118,3.334151177,3883.334151,84.33415118,0.953978761,0.693577606,1,1,1
40.6,0.238386872,55.23838687,265.2383869,287.2383869,0.238386872,162.2383869,19.23838687,0.63539644,0.287468756,0,0,0
40.7,0.140240684,25.14024068,392.1402407,201.1402407,74.14024068,3949.140241,44.14024068,0.856966793,0.341159628,0,1,1
40.8,0.040693257,25.04069326,404.0406933,240.0406933,76.04069326,1833.040693,68.04069326,0.591269696,0.41649106,0,0,1
40.9,-0.059260763,-0.059260763,344.9407392,57.94073924,89.94073924,2481.940739,44.94073924,0.222607711,0.530073835,0,1,0
41,-0.158622669,48.84137733,155.8413773,246.8413773,66.84137733,3667.841377,13.84137733,0.041084477,0.625188077,0,1,0
41.1,-0.25639967,92.74360033,191.7436003,108.7436003,96.74360033,1980.7436,54.74360033,0.29793687,0.01152116,0,0,1
41.2,-0.35161481,73.64838519,145.6483852,2.64838519,65.64838519,1486.648385,80.64838519,0.898587986,0.954180049,1,0,1
41.3,-0.443316731,10.55668327,356.5566833,46.55668327,51.55668327,3777.556683,26.55668327,0.172000057,0.672057453,0,0,1
41.4,-0.530589178,26.46941082,3.469410822,200.4694108,38.46941082,1215.469411,67.46941082,0.235281918,0.346104793,0,0,0
41.5,-0.612560153,15.38743985,234.3874398,224.3874398,72.38743985,3902.38744,54.38743985,0.947617882,0.296136498,0,1,1
41.6,-0.68841063,54.31158937,264.3115894,277.3115894,60.31158937,641.3115894,74.31158937,0.468905984,0.369503052,0,1,1
41.7,-0.757382735,48.24261727,72.24261727,97.24261727,93.24261727,286.2426173,89.24261727,0.020423582,0.292428647,1,0,0
41.8,-0.818787322,10.18121268,444.1812127,118.1812127,11.18121268,2161.181213,62.18121268,0.573607925,0.756194608,1,0,1
41.9,-0.872010857,93.12798914,398.1279891,182.1279891,16.12798914,889.1279891,72.12798914,0.815788996,0.1788798,1,1,0
42,-0.916521548,2.083478452,323.0834785,142.0834785,38.08347845,952.0834785,19.08347845,0.749068363,0.792885519,1,0,0
42.1,-0.951874658,15.04812534,378.0481253,32.04812534,37.04812534,2488.048125,92.04812534,0.10377166,0.712519701,1,1,0
42.2,-0.977716952,86.02228305,100.022283,165.022283,97.02228305,3887.022283,65.02228305,0.603670137,0.068656756,1,0,0
42.3,-0.993790221,0.006209779,416.0062098,166.0062098,2.006209779,3393.00621,75.00620978,0.258087429,0.396277891,0,0,1
42.4,-0.999933866,30.00006613,72.00006613,264.0000661,72.00006613,2815.000066,5.000066134,0.400121255,0.223892467,0,0,1
42.5,-0.996086503,93.0039135,55.0039135,58.0039135,44.0039135,2420.003913,95.0039135,0.377682088,0.512564371,0,1,0
42.6,-0.982286573,87.01771343,401.0177134,298.0177134,7.017713427,135.0177134,69.01771343,0.349232349,0.088581124,0,0,1
42.7,-0.95867196,43.04132804,21.04132804,237.041328,11.04132804,1417.041328,91.04132804,0.138224572,0.797733562,1,0,1
42.8,-0.925478614,38.07452139,390.0745214,20.07452139,63.07452139,3836.074521,40.07452139,0.871939453,0.548542693,1,1,1
42.9,-0.883038191,14.11696181,439.1169618,285.1169618,49.11696181,3217.116962,89.11696181,0.917002007,0.917739415,1,1,0
43,-0.831774743,11.16822526,212.1682253,16.16822526,93.16822526,3536.168225,32.16822526,0.145750539,0.842673424,1,1,1
43.1,-0.772200476,2.227799524,435.2277995,290.2277995,14.22779952,2945.2278,88.22779952,0.994068936,0.841530703,1,1,0
43.2,-0.704910637,68.29508936,84.29508936,120.2950894,51.29508936,3852.295089,80.29508936,0.047978062,0.503729534,0,0,0
43.3,-0.630577565,69.36942244,440.3694224,80.36942244,37.36942244,1633.369422,-0.630577565,0.423145138,0.542857914,0,1,0
43.4,-0.54994397,60.45005603,388.450056,252.450056,71.45005603,2622.450056,4.45005603,0.581012619,0.110392386,0,0,1
43.5,-0.463815516,23.53618448,407.5361845,13.53618448,85.53618448,531.5361845,3.536184484,0.890205184,0.942247127,0,1,0
43.6,-0.373052771,85.62694723,52.62694723,190.6269472,65.62694723,288.6269472,8.626947229,0.532092859,0.305204769,0,0,0
43.7,-0.278562606,39.72143739,144.7214374,286.7214374,8.721437394,2796.721437,19.72143739,0.522252588,0.317972272,1,1,0
43.8,-0.181289136,78.81871086,21.81871086,63.81871086,66.81871086,3411.818711,26.81871086,0.281867377,0.592045436,1,1,0
43.9,-0.082204284,15.91779572,312.9177957,173.9177957,47.91779572,2938.917796,88.91779572,0.718312333,0.167587448,1,0,1
44,0.017701925,36.01770193,302.0177019,156.0177019,69.01770193,2688.017702,61.01770193,0.688987745,0.171954386,1,0,0
44.1,0.117431263,8.117431263,402.1174313,107.1174313,92.11743126,1771.117431,27.11743126,0.623330461,0.996842201,1,0,1
44.2,0.215987266,83.21598727,21.21598727,233.2159873,100.2159873,290.2159873,25.21598727,0.17909169,0.268246842,0,0,0
44.3,0.312385196,76.3123852,56.3123852,226.3123852,90.3123852,2599.312385,42.3123852,0.366642852,0.213235819,1,1,0
44.4,0.405661877,93.40566188,323.4056619,259.4056619,92.40566188,355.4056619,94.40566188,0.900137293,0.516316064,0,0,0
44.5,0.494885318,46.49488532,368.4948853,288.4948853,16.49488532,3688.494885,45.49488532,0.978362592,0.934431227,1,0,0
44.6,0.579164028,42.57916403,341.579164,85.57916403,14.57916403,3427.579164,78.57916403,0.166211648,0.423290085,1,1,1
44.7,0.657655923,18.65765592,290.6576559,233.6576559,27.65765592,503.6576559,56.65765592,0.056425342,0.344217608,0,1,0
44.8,0.729576737,24.72957674,49.72957674,96.72957674,31.72957674,1183.729577,8.729576737,0.923543388,0.130658706,0,1,1
44.9,0.794207862,94.79420786,20.79420786,181.7942079,79.79420786,3697.794208,40.79420786,0.247302754,0.059106681,0,1,1
45,0.850903525,100.8509035,434.8509035,71.85090352,56.85090352,2777.850904,60.85090352,0.081948697,0.861085397,1,1,1
45.1,0.89909724,71.89909724,286.8990972,273.8990972,47.89909724,3800.899097,48.89909724,0.009033992,0.835212689,1,1,0
45.2,0.938307473,52.93830747,305.9383075,162.9383075,66.93830747,2569.938307,82.93830747,0.00477062,0.387098583,1,0,1
45.3,0.968142448,59.96814245,422.9681424,211.9681424,88.96814245,3652.968142,97.96814245,0.107602156,0.537582087,0,0,1
45.4,0.988304064,86.98830406,301.9883041,19.98830406,58.98830406,2880.988304,57.98830406,0.403124643,0.477385892,1,0,1
45.5,0.998590872,60.99859087,85.99859087,296.9985909,56.99859087,2469.998591,1.998590872,0.524372034,0.569796227,1,1,1
45.6,0.998900091,62.99890009,117.9989001,152.9989001,42.99890009,3931.9989,94.99890009,0.427490853,0.291270443,0,1,1
45.7,0.98922863,34.98922863,380.9892286,179.9892286,100.9892286,2064.989229,62.98922863,0.289555957,0.268157056,0,1,0
45.8,0.969673123,58.96967312,434.9696731,156.9696731,91.96967312,2920.969673,68.96967312,0.575989728,0.550433667,0,1,0
45.9,0.940428963,82.94042896,440.940429,2.940428963,50.94042896,3954.940429,61.94042896,0.981653918,0.356173591,0,0,0
46,0.901788348,59.90178835,358.9017883,126.9017883,94.90178835,2220.901788,74.90178835,0.713529887,0.296210957,0,1,0
46.1,0.854137361,62.85413736,255.8541374,143.8541374,21.85413736,3751.854137,41.85413736,0.690729109,0.349405351,1,1,0
46.2,0.797952117,57.79795212,302.7979521,211.7979521,68.79795212,3160.797952,27.79795212,0.334975609,0.854237329,1,1,1
46.3,0.733793998,97.733794,80.733794,261.733794,26.733794,764.733794,78.733794,0.961868392,0.92095116,1,1,1
46.4,0.662304053,23.66230405,129.6623041,18.66230405,85.66230405,754.6623041,84.66230405,0.002567018,0.499431257,1,1,1
46.5,0.584196584,93.58419658,154.5841966,185.5841966,8.584196584,3067.584197,93.58419658,0.63766824,0.100347593,0,0,1
46.6,0.500252017,23.50025202,413.500252,211.500252,26.50025202,2534.500252,73.50025202,0.556218254,0.379055578,1,0,1
46.7,0.411309096,72.4113091,177.4113091,47.4113091,3.411309096,1868.411309,63.4113091,0.532684608,0.563556111,0,1,0
46.8,0.318256511,26.31825651,358.3182565,33.31825651,23.31825651,2286.318257,47.31825651,0.830534412,0.039484971,0,0,0
46.9,0.222024012,56.22202401,277.222024,293.222024,12.22202401,3994.222024,84.22202401,0.11436874,0.125527977,0,1,0
47,0.123573123,83.12357312,316.1235731,51.12357312,95.12357312,3644.123573,26.12357312,0.860122589,0.241543271,1,0,1
47.1,0.023887532,58.02388753,271.0238875,206.0238875,39.02388753,3812.023888,47.02388753,0.349836025,0.495136334,0,1,0
47.2,-0.076036736,67.92396326,303.9239633,123.9239633,68.92396326,2348.923963,63.92396326,0.821082001,0.126241835,0,1,1
47.3,-0.17520127,68.82479873,149.8247987,108.8247987,82.82479873,2291.824799,90.82479873,0.019824892,0.182731505,1,1,1
47.4,-0.27261525,47.72738475,446.7273847,10.72738475,35.72738475,744.7273847,4.72738475,0.792877799,0.39366928,1,1,0
47.5,-0.367305349,46.63269465,380.6326947,132.6326947,6.632694651,2878.632695,11.63269465,0.386585288,0.870034972,1,0,1
47.6,-0.458325454,20.54167455,266.5416745,237.5416745,68.54167455,2789.541675,84.54167455,0.813266721,0.429789184,0,0,0
47.7,-0.544766123,17.45523388,439.4552339,251.4552339,77.45523388,1411.455234,87.45523388,0.873685329,0.114045243,1,0,1
47.8,-0.625763669,31.37423633,383.3742363,86.37423633,32.37423633,873.3742363,27.37423633,0.960153174,0.774459346,1,1,0
47.9,-0.700508791,93.29949121,339.2994912,1.299491209,64.29949121,915.2994912,13.29949121,0.777957277,0.024009959,1,1,1
48,-0.768254661,52.23174534,171.2317453,193.2317453,66.23174534,1231.231745,3.231745339,0.337217118,0.957409885,1,1,1
48.1,-0.828324385,26.17167562,169.1716756,191.1716756,33.17167562,3820.171676,24.17167562,0.82237253,0.224422642,1,0,0
48.2,-0.880117764,64.11988224,374.1198822,295.1198822,20.11988224,2156.119882,51.11988224,0.325716874,0.219827782,0,1,0
48.3,-0.923117298,-0.923117298,354.0768827,159.0768827,85.0768827,2355.076883,71.0768827,0.986830548,0.588106656,0,1,0
48.4,-0.95689335,34.04310665,140.0431067,173.0431067,54.04310665,3263.043107,19.04310665,0.472702137,0.098378586,0,0,0
48.5,-0.981108439,45.01889156,395.0188916,291.0188916,15.01889156,3375.018892,93.01889156,0.165484188,0.433359493,0,0,1
48.6,-0.995520616,10.00447938,426.0044794,257.0044794,53.00447938,1246.004479,82.00447938,0.957209343,0.949135273,0,0,0
48.7,-0.999985881,68.00001412,398.0000141,184.0000141,90.00001412,3489.000014,27.00001412,0.977664079,0.759391598,1,0,0
48.8,-0.994459618,13.00554038,323.0055404,118.0055404,96.00554038,1638.00554,22.00554038,0.162370823,0.269569166,1,1,1
48.9,-0.978997043,11.02100296,8.021002957,37.02100296,90.02100296,30.02100296,98.02100296,0.783484799,0.425015095,1,1,1
49,-0.953752653,65.04624735,392.0462473,191.0462473,23.04624735,1438.046247,61.04624735,0.611937166,0.308847859,0,1,0
49.1,-0.918978681,65.08102132,207.0810213,84.08102132,9.081021319,852.0810213,87.08102132,0.043748745,0.868488565,1,0,1
49.2,-0.875022579,11.12497742,10.12497742,270.1249774,39.12497742,3547.124977,90.12497742,0.780278691,0.371098742,0,0,1
49.3,-0.82232354,19.17767646,294.1776765,288.1776765,-0.82232354,2567.177676,61.17767646,0.833009577,0.140617273,0,0,1
49.4,-0.761408116,27.23859188,160.2385919,170.2385919,62.23859188,457.2385919,79.23859188,0.580430001,0.262964806,0,0,0
49.5,-0.692884954,30.30711505,413.307115,227.307115,32.30711505,1870.307115,18.30711505,0.560914964,0.526069768,1,1,0
49.6,-0.617438715,23.38256129,49.38256129,-0.617438715,95.38256129,2147.382561,96.38256129,0.387135339,0.806031838,1,0,0
49.7,-0.535823232,97.46417677,146.4641768,40.46417677,86.46417677,2924.464177,41.46417677,0.12880165,0.550525285,0,0,0
49.8,-0.44885398,54.55114602,255.551146,43.55114602,88.55114602,2614.551146,47.55114602,0.792796501,0.090288065,1,1,1
49.9,-0.357399928,96.64260007,215.6426001,264.6426001,50.64260007,1505.6426,76.64260007,0.909376044,0.319480427,1,0,0
50,-0.262374854,24.73762515,74.73762515,278.7376251,76.73762515,137.7376251,74.73762515,0.577493517,0.033412876,1,1,0
